-2.650,136.726,24.589,56.450,75.168,52.997,92.988,137.709,15.999,86.600,104.253,54.260,103.166
-26.995,92.899,119.110,70.192,139.747,105.564,103.079,120.898,36.882,126.213,90.115,25.971,144.886
-19.235,105.081,96.495,107.100,29.900,92.687,99.351,117.146,50.097,57.884,111.417,40.148,67.370
-4.008,57.530,29.816,16.802,74.370,84.085,126.503,141.040,78.260,31.067,138.069,14.959,16.131
-19.289,35.111,61.882,120.415,82.415,91.156,35.304,145.176,134.230,128.434,145.375,86.070,122.505
-6.685,35.961,45.713,27.985,80.567,143.239,116.214,135.949,147.225,18.964,78.266,10.837,101.684
-8.982,46.188,60.017,138.574,130.967,132.946,89.344,22.656,89.492,129.190,125.540,57.747,148.986
-24.307,47.061,48.005,119.337,88.851,116.163,15.359,28.061,76.442,78.673,54.841,130.075,42.281
9.051,47.948,77.236,13.176,92.704,101.473,50.728,25.308,45.128,105.542,133.559,113.839,148.920
0.127,83.423,34.109,102.339,95.977,147.261,134.710,60.025,39.755,74.334,148.873,82.395,58.162
0.306,71.020,114.925,69.825,101.125,41.066,92.269,125.847,75.519,56.202,21.429,138.439,141.109
-17.082,51.329,92.106,30.726,100.637,115.025,99.287,76.614,125.645,13.956,13.540,48.755,124.105
-12.144,119.020,108.106,48.510,52.048,81.530,73.447,70.923,101.575,30.102,80.216,87.178,128.954
6.357,128.489,117.411,55.248,149.966,93.446,110.377,111.234,119.050,41.221,129.529,55.030,36.010
-8.586,138.866,60.924,22.298,125.229,22.664,138.369,142.470,69.553,142.638,24.874,130.020,89.722
2.312,126.331,102.560,61.635,25.784,120.163,149.237,60.106,126.497,124.626,72.381,111.605,143.324
5.715,103.638,85.391,121.004,94.324,126.221,96.206,37.020,103.192,63.573,44.183,137.235,20.141
-30.205,131.249,139.658,41.539,98.218,136.816,17.117,125.712,65.096,131.936,17.201,57.936,78.211
-22.919,95.378,149.076,47.349,22.532,117.635,122.974,117.077,128.836,92.125,53.466,119.072,29.135
-17.451,57.337,90.879,74.064,91.095,81.172,55.056,118.304,95.800,126.967,90.846,92.341,42.298
-21.906,83.289,23.415,124.854,83.947,143.067,40.704,21.406,113.281,66.552,136.045,91.616,74.283
-23.533,56.351,113.469,75.564,48.888,76.485,48.370,118.415,61.526,13.007,120.922,101.561,84.197
-2.419,58.337,88.198,97.310,146.417,87.489,50.921,44.513,75.676,108.747,37.079,59.429,147.124
-30.104,12.072,89.598,96.655,28.188,127.952,118.169,45.118,49.621,59.382,118.700,51.069,84.385
-19.829,134.632,85.708,20.306,24.203,34.259,35.267,84.882,90.122,63.498,130.041,21.201,38.448
-28.025,19.840,32.580,51.019,83.488,34.069,134.924,141.046,139.433,24.760,52.653,66.484,82.482
1.433,63.832,144.410,118.147,26.348,48.516,145.533,101.705,92.884,74.222,63.836,109.671,78.217
-17.433,83.619,59.082,97.568,27.366,68.603,125.470,81.718,144.851,90.189,39.815,66.848,126.343
-13.945,94.323,113.982,85.130,121.543,129.326,16.708,98.848,112.547,21.145,67.253,143.898,21.473
-20.151,94.934,124.023,31.900,146.461,48.686,60.338,92.536,27.584,98.018,18.371,104.005,103.403
-19.683,25.037,146.560,61.279,90.027,62.611,16.662,15.557,24.311,51.051,69.507,118.859,84.674
1.623,100.157,138.236,41.761,76.141,54.767,53.910,59.182,61.908,138.599,87.720,125.610,149.577
-3.878,42.714,31.932,57.040,83.294,38.634,112.119,51.784,19.649,65.586,73.247,99.481,42.462
4.832,88.852,45.015,148.783,114.224,99.446,104.417,49.875,143.434,123.361,118.183,112.661,143.110
-5.797,63.028,40.913,92.129,52.853,105.188,26.303,75.964,118.421,80.676,100.451,142.631,48.874
-22.887,86.978,11.431,97.710,91.103,33.539,32.636,19.826,42.187,87.541,38.936,73.129,76.616
7.003,97.230,93.879,93.615,22.128,70.241,135.001,125.213,97.763,26.241,86.769,52.583,60.536
-24.172,138.334,113.071,118.283,45.314,109.508,53.287,17.900,45.245,103.161,74.044,43.850,38.564
-30.623,123.765,70.636,66.680,59.132,144.023,69.472,94.564,62.460,39.348,133.032,51.137,131.698
-4.742,99.145,148.230,36.803,133.826,90.450,75.856,40.770,104.611,13.682,24.805,150.122,90.490
-34.018,74.244,73.162,17.322,106.061,44.004,18.834,100.933,67.330,34.329,76.977,75.121,13.477
-30.357,112.727,62.718,15.327,137.970,130.269,82.998,44.119,107.421,54.577,99.546,113.893,27.105
-22.691,122.857,46.216,32.059,137.341,37.429,64.887,52.693,79.184,27.524,136.768,125.371,89.507
-24.363,123.150,105.745,112.275,112.167,68.713,79.567,104.873,89.368,62.170,43.755,48.885,31.594
-25.650,69.115,13.078,17.601,117.343,47.708,142.598,60.699,34.605,106.839,148.673,22.567,105.981
-23.935,17.867,50.474,53.870,95.318,106.424,95.151,19.007,102.391,106.189,61.615,64.886,44.829
-31.535,130.546,84.308,43.856,146.786,37.084,36.800,86.929,128.970,74.318,110.594,133.939,55.570
7.582,98.424,82.902,46.173,34.583,123.966,19.316,103.400,119.872,96.525,15.854,101.387,99.779
-20.096,65.791,102.859,54.557,121.338,18.368,61.190,102.752,17.331,17.974,68.658,130.105,127.086
-21.186,81.600,102.177,41.915,94.657,147.317,73.849,15.535,88.683,123.805,92.193,119.480,22.344
6.996,40.339,143.105,112.029,71.226,119.418,27.260,136.602,18.967,135.259,105.472,143.290,97.978
-31.060,41.655,70.333,83.583,87.314,58.601,30.888,13.001,130.264,57.555,31.561,97.325,119.534
-28.477,80.155,45.788,74.391,55.051,115.345,43.180,148.847,63.651,144.191,27.963,65.190,51.884
-18.972,103.368,122.229,86.959,58.062,81.418,76.472,21.321,37.141,113.421,56.000,108.801,63.565
-3.743,34.642,101.279,107.570,132.293,69.505,52.655,149.160,66.935,59.475,99.182,71.150,119.441
-10.050,71.248,30.561,88.221,119.745,131.116,101.113,130.135,87.864,141.298,91.082,12.291,135.503
-16.331,74.056,32.296,121.265,100.046,68.269,148.109,138.324,84.506,63.352,100.356,106.117,46.159
-33.443,37.615,95.898,110.198,86.636,33.317,43.355,51.433,112.641,51.958,77.393,145.526,15.876
-6.656,137.496,119.530,142.509,78.579,72.133,140.390,66.771,55.291,118.138,125.685,30.600,48.512
-23.468,104.887,131.069,27.769,133.770,33.431,139.187,132.348,106.084,55.881,109.593,113.193,39.807
-3.047,12.670,122.249,86.737,147.495,42.899,88.112,45.908,139.147,109.605,65.123,23.315,47.649
1.159,124.657,89.281,27.999,22.779,123.916,20.608,91.340,42.449,31.280,15.251,91.730,48.501
-32.810,103.785,118.117,93.385,83.139,79.591,11.673,60.019,93.835,102.810,51.289,31.430,37.161
-31.621,116.042,124.288,44.448,106.764,133.861,32.882,81.835,19.785,135.282,93.914,40.580,91.291
-10.098,96.527,46.072,108.721,134.340,85.125,114.998,29.857,103.631,42.770,88.530,75.044,94.009
-21.416,58.678,134.779,18.717,82.597,121.687,78.377,103.441,136.982,23.244,57.611,55.452,60.331
-0.619,75.795,49.777,102.384,101.231,25.944,142.603,54.796,51.789,74.885,15.773,107.183,131.945
-3.106,41.848,129.355,146.870,89.567,56.932,101.918,118.103,66.536,30.974,106.083,16.064,140.653
1.591,78.158,143.082,55.306,143.531,95.011,87.488,131.068,82.024,35.230,107.635,131.299,134.651
-1.679,41.577,106.943,35.413,64.501,42.458,77.882,90.499,18.578,15.404,58.340,23.181,121.464
-11.425,72.684,42.403,69.695,100.624,51.919,141.290,69.719,76.611,31.037,125.958,102.564,19.589
-20.089,148.929,26.516,27.213,110.890,47.687,122.890,115.568,136.023,120.250,58.013,17.708,135.324
1.293,109.991,132.191,143.775,96.631,120.081,46.044,66.438,108.112,62.380,137.713,75.379,149.306
-26.468,122.226,80.961,68.829,55.682,28.065,124.268,60.787,32.802,11.662,122.281,90.130,121.829
-34.017,135.079,74.838,125.134,61.181,53.383,48.177,41.152,103.385,98.826,146.724,134.323,149.981
7.195,77.326,110.373,136.947,122.838,51.425,134.547,113.083,93.009,131.381,110.878,123.045,57.122
-11.668,100.185,16.390,50.911,137.881,45.332,139.789,141.894,89.112,60.038,71.624,112.602,52.587
-2.275,133.099,53.427,80.746,50.190,138.861,110.524,100.978,85.538,41.000,21.123,61.356,111.390
3.383,137.252,122.082,80.885,131.319,93.622,23.713,118.593,137.236,101.723,126.899,42.278,93.711
-15.367,26.240,90.033,88.658,110.739,47.190,133.843,62.743,99.299,62.559,136.586,49.126,18.257
1.054,15.675,26.661,108.768,92.778,30.423,131.963,108.662,56.882,64.767,78.286,32.489,86.764
-3.004,34.739,148.654,78.582,96.663,23.582,134.202,100.107,29.901,81.731,89.399,37.294,83.984
-28.640,57.773,38.088,94.420,18.052,135.368,45.006,104.507,124.608,122.123,148.670,130.347,148.718
-9.067,122.273,118.551,47.934,121.863,138.136,14.545,87.590,66.766,107.453,120.888,112.422,70.911
-26.079,27.688,47.575,113.316,138.649,75.736,33.429,74.511,102.150,87.510,143.801,11.626,59.200
4.240,20.647,28.139,74.040,57.457,81.104,65.032,48.779,140.583,82.781,114.525,115.408,56.683
5.183,57.962,109.487,61.146,104.120,28.493,127.040,107.677,129.671,53.303,65.219,125.629,45.830
-16.066,134.597,67.470,40.439,39.097,23.413,64.937,82.334,111.612,88.417,138.956,146.962,89.164
-26.314,90.690,50.286,134.506,130.456,42.966,52.847,146.715,128.334,62.017,90.345,78.976,45.224
-13.304,65.870,41.727,147.515,77.885,81.205,100.976,103.179,16.775,71.417,76.417,84.335,141.446
-6.285,75.451,124.933,15.150,10.842,88.660,46.591,52.863,73.158,149.352,105.038,29.325,128.616
-16.848,38.782,39.582,66.109,134.383,13.985,72.788,37.615,86.617,59.177,47.985,84.212,70.686
-16.293,134.612,15.748,41.704,147.693,134.200,46.211,96.362,100.312,20.703,73.045,135.081,16.673
-4.317,140.313,113.980,16.010,92.686,17.032,132.499,51.865,145.379,96.757,82.033,34.427,78.867
1.104,100.511,69.040,56.740,129.851,36.472,40.017,34.392,25.755,81.721,15.102,19.825,144.077
4.119,11.200,60.377,49.301,65.971,87.723,89.671,16.956,25.885,41.300,19.174,117.843,100.686
-24.870,70.520,143.234,86.495,107.842,150.010,141.535,122.941,106.896,100.043,137.533,131.890,94.468
2.438,32.874,127.881,116.288,12.297,127.241,35.000,36.364,24.805,28.151,42.384,19.522,78.105
-5.466,124.863,64.756,130.115,105.167,132.663,12.180,24.945,144.777,94.472,119.442,80.952,49.303
-0.333,23.767,84.285,110.828,115.977,103.927,56.671,50.666,144.475,15.168,126.925,147.398,89.439
-8.136,93.768,46.195,112.187,133.451,76.489,47.396,18.924,68.430,41.478,103.364,22.823,28.442
7.978,10.960,42.534,136.176,61.166,18.804,11.181,127.888,73.690,146.477,144.588,63.402,22.427
-14.386,47.483,55.788,92.790,116.901,36.241,49.271,96.276,75.514,116.836,114.811,42.099,41.667
-25.740,121.212,67.977,59.160,117.992,68.318,122.717,34.050,47.972,141.993,47.072,126.886,145.952
-31.151,41.726,15.101,142.965,147.091,52.998,64.490,71.724,47.959,65.817,13.111,128.213,22.450
-17.498,53.697,77.016,137.799,55.858,45.405,126.486,13.439,78.031,15.075,142.828,34.911,142.874
-14.171,127.579,65.584,65.935,86.677,19.861,92.248,61.005,31.492,143.297,31.447,20.498,127.587
-3.172,50.900,34.717,32.523,70.848,12.315,50.651,119.946,72.392,70.986,122.544,18.015,16.387
-0.142,51.817,148.744,27.949,147.340,23.560,116.422,28.075,101.149,17.223,139.202,28.174,88.847
-20.300,89.552,133.050,34.914,140.122,117.861,106.248,22.394,19.038,75.129,84.231,26.439,127.155
-24.969,78.916,109.743,31.526,143.289,144.784,44.345,63.959,60.524,81.019,66.520,128.029,129.387
-13.403,102.185,107.769,29.329,83.532,23.850,81.752,149.670,86.269,104.784,124.173,23.391,17.589
7.183,84.428,16.690,136.314,77.123,148.953,133.942,130.585,119.326,41.756,22.775,123.940,138.899
-22.997,86.953,47.061,70.586,112.434,107.193,109.835,53.257,134.536,30.949,148.490,144.557,135.847
-20.042,59.314,133.486,91.646,88.725,126.928,109.674,122.875,134.810,88.646,116.162,92.138,67.566
-25.237,133.876,148.463,118.414,30.006,149.593,145.404,40.738,112.391,61.200,92.748,147.176,19.897
8.922,34.914,67.452,135.210,33.061,122.620,70.979,82.285,22.652,81.363,43.412,59.543,147.046
-24.027,96.671,30.847,65.263,67.157,18.105,146.612,92.693,20.607,111.845,103.161,54.732,130.085
-15.423,104.036,93.815,82.675,32.362,120.793,88.767,48.103,61.324,82.574,33.090,99.031,19.823
4.721,66.450,126.426,85.304,96.213,68.858,132.376,31.931,139.409,93.751,112.097,149.867,146.230
3.901,100.829,143.659,105.072,111.953,46.127,81.984,11.307,61.989,133.738,132.669,54.707,122.015
-17.743,13.130,54.031,41.457,11.256,27.379,89.986,136.266,43.739,124.887,117.957,146.696,45.202
0.779,103.568,40.837,78.742,130.902,130.193,13.306,125.903,130.974,24.330,12.239,72.205,79.585
-10.355,141.388,98.596,113.452,43.846,36.006,43.512,36.614,124.895,144.828,60.796,76.742,45.829
-32.771,45.021,145.836,49.376,25.648,50.051,72.737,24.878,27.940,146.378,98.938,109.099,69.391
-11.392,115.533,32.131,138.061,74.497,119.643,75.536,34.439,37.133,70.719,18.707,134.377,85.119
-24.547,17.459,53.437,12.288,99.939,56.070,58.552,79.153,35.756,89.184,124.095,111.960,35.284
-21.535,14.327,69.696,131.669,45.528,71.443,99.682,97.713,103.873,105.784,147.874,116.484,60.241
-31.362,46.018,54.902,76.601,65.042,53.791,61.808,64.492,142.216,128.407,47.175,106.193,80.861
-9.444,94.172,30.103,97.277,146.353,37.309,105.816,83.306,36.471,124.771,87.309,141.301,32.809
-12.463,103.665,11.526,12.844,65.703,126.521,47.406,138.016,80.478,78.258,129.335,142.546,26.280
-13.757,20.582,30.420,18.463,122.155,64.945,103.285,148.696,87.705,93.364,28.788,73.282,136.927
7.821,34.811,42.673,49.193,86.126,23.625,52.027,121.189,121.810,47.036,142.389,118.107,134.793
-0.303,66.416,56.829,92.535,99.228,82.414,19.523,81.082,115.079,134.342,82.305,106.356,88.274
-10.064,41.621,137.633,11.321,56.072,12.644,106.868,136.630,141.201,55.791,20.640,69.129,33.342
-9.001,114.686,96.622,45.316,147.339,97.377,53.532,70.974,67.410,118.552,94.849,144.906,103.582
-28.463,114.961,95.335,63.599,52.230,110.818,31.354,110.250,63.949,67.455,66.692,28.214,93.319
-15.545,149.686,40.832,107.693,131.906,13.596,62.939,69.860,68.663,106.235,60.524,115.573,111.123
-28.064,71.868,134.576,85.897,71.114,32.439,112.444,99.380,106.419,106.786,60.679,109.125,40.478
0.667,65.681,42.769,106.127,89.392,18.479,58.787,81.316,110.471,125.074,125.929,134.564,146.794
4.676,99.377,115.830,34.681,35.516,106.720,50.037,93.035,70.685,94.342,95.527,109.721,83.248
-23.832,25.398,150.101,92.608,69.617,117.581,78.934,138.615,135.076,113.500,52.692,112.717,35.447
-13.481,73.218,132.215,85.109,51.033,102.875,123.170,68.560,143.344,121.811,44.516,148.329,117.339
-14.800,42.946,121.618,68.248,119.479,139.322,65.939,129.510,97.534,30.110,101.406,138.981,52.894
-30.755,56.183,140.621,37.507,93.418,133.956,123.369,50.774,14.109,72.774,100.703,83.641,91.567
-25.465,145.280,28.087,139.365,33.946,124.627,29.885,114.008,138.986,114.760,85.507,72.842,28.250
-21.182,63.339,38.273,105.809,49.166,100.803,58.531,124.214,138.917,28.396,134.136,49.157,138.373
-5.356,66.777,13.773,140.110,55.132,71.946,54.890,116.816,37.107,29.031,22.842,118.565,106.070
-4.449,142.397,147.951,82.054,76.931,59.950,126.143,56.273,83.499,42.933,54.254,21.174,70.978
-32.934,126.565,14.214,101.749,58.918,50.835,21.502,21.749,89.253,105.117,20.545,123.467,16.720
-25.931,53.768,84.911,18.716,81.778,34.888,15.209,131.462,53.583,109.201,131.965,46.000,145.287
-27.817,63.318,133.759,78.098,119.846,75.049,101.851,41.644,102.980,124.898,91.584,40.514,22.129
-6.833,24.422,87.907,95.037,101.538,84.829,39.497,40.973,100.670,22.132,102.443,83.710,49.886
-33.374,43.280,13.878,23.395,128.862,78.218,89.962,118.137,110.418,58.638,96.019,123.716,52.354
8.483,127.888,112.957,86.826,90.012,130.742,38.396,110.789,142.290,115.348,139.398,67.098,11.537
-16.682,112.716,52.686,48.393,142.940,20.208,26.280,121.841,137.771,50.013,124.435,39.123,23.505
-16.454,121.856,22.320,110.338,74.548,78.462,46.604,109.283,102.389,86.831,81.627,96.467,88.320
-6.525,76.510,126.831,33.860,108.959,20.873,110.207,88.323,64.283,67.527,102.809,141.690,34.042
-20.555,72.936,51.325,55.968,145.053,108.596,27.998,127.471,128.557,97.483,39.367,138.859,144.439
-22.268,23.620,128.233,74.563,85.894,136.257,63.513,95.074,101.992,47.074,90.092,43.687,14.766
1.920,120.969,134.727,92.886,109.046,41.610,142.090,119.663,55.474,128.214,67.332,107.183,46.155
-20.145,147.284,61.922,79.450,54.185,84.241,91.375,127.263,110.357,28.231,71.266,132.637,35.054
-23.132,111.298,28.111,14.645,12.990,140.456,81.685,69.738,21.595,39.055,40.088,81.584,76.712
9.227,140.161,81.595,14.351,107.830,22.389,37.487,116.222,104.479,68.586,117.070,25.504,30.954
-28.716,63.240,20.509,113.395,36.579,138.754,121.165,95.779,80.632,143.375,25.695,86.291,148.075
-29.910,18.080,65.050,121.038,118.368,18.405,148.859,69.939,115.882,49.997,63.864,69.990,134.322
-23.079,63.540,92.986,94.469,72.319,105.183,69.759,30.189,73.286,122.058,99.480,135.390,148.429
-20.384,134.639,53.582,71.868,144.901,112.928,43.402,125.663,11.290,13.733,112.110,113.101,95.826
-33.853,127.680,138.561,12.606,59.270,38.440,120.175,75.269,132.618,22.891,142.573,121.792,82.096
-20.902,139.379,25.806,114.799,64.578,127.550,91.346,83.380,108.944,76.952,123.691,81.583,24.480
-5.944,88.913,84.588,22.109,74.527,148.314,39.258,105.876,113.231,101.081,124.502,42.552,17.104
-25.458,96.452,13.775,75.419,65.074,61.739,52.895,54.273,13.182,59.483,101.462,35.767,143.005
-27.742,39.004,121.438,75.535,101.290,36.173,127.133,124.198,34.844,133.916,136.120,138.074,101.081
-1.748,53.275,146.793,97.920,85.773,107.195,138.087,66.615,115.916,59.608,95.031,68.869,132.779
8.599,97.491,20.395,113.909,108.046,77.066,117.297,145.579,112.940,144.472,69.112,25.962,100.223
-34.474,50.949,73.711,131.998,58.531,14.905,39.015,99.839,56.460,87.749,56.333,97.924,123.226
3.054,138.899,33.626,121.539,58.578,28.258,64.470,76.008,124.535,118.470,35.804,83.665,139.952
0.078,63.258,123.518,125.771,29.795,37.598,93.927,63.311,98.813,67.991,20.984,116.621,16.802
-16.708,18.084,101.888,15.258,87.444,88.941,105.000,139.024,131.606,29.427,35.616,36.621,146.800
-17.647,108.987,78.266,51.269,102.168,92.831,10.932,128.372,117.799,105.512,96.216,145.797,52.250
-20.799,69.109,86.693,118.112,33.144,137.579,127.549,90.401,87.709,100.622,81.448,19.409,62.116
-7.951,92.508,126.517,20.097,57.076,135.944,113.077,39.393,106.416,117.253,114.613,41.591,88.297
-25.776,95.865,82.054,127.966,120.817,108.631,43.399,143.958,79.783,83.867,57.828,88.140,80.683
-16.344,55.450,84.244,53.405,22.482,67.046,90.836,22.409,11.315,57.619,74.570,96.283,104.387
-14.099,41.741,109.357,30.593,68.145,80.683,37.019,119.561,145.544,128.875,13.117,33.798,12.079
-5.481,127.445,66.559,29.036,72.703,87.280,86.393,70.311,103.366,86.223,53.503,114.453,95.108
-15.360,19.612,56.688,55.254,87.282,89.219,66.041,41.961,56.064,96.587,59.982,52.501,89.126
-33.505,88.662,38.486,100.480,66.422,94.504,135.420,11.542,141.235,91.724,145.636,39.849,113.254
-29.787,71.707,60.304,65.008,83.617,119.916,53.299,110.548,55.133,149.023,138.803,45.769,93.755
-14.221,59.100,11.125,131.135,136.842,15.650,115.686,25.818,56.499,113.309,144.574,121.868,78.198
-30.483,32.064,70.626,76.480,112.268,57.000,32.363,98.695,86.609,12.559,32.833,85.007,41.938
-20.504,97.653,106.849,77.390,17.856,40.687,27.029,43.966,109.860,136.172,113.432,61.736,47.904
-7.860,13.025,129.363,106.892,140.411,124.893,111.991,17.369,35.274,125.972,94.832,24.363,148.002
9.767,141.803,84.031,107.303,87.613,75.844,19.651,18.330,112.194,137.010,34.181,35.289,147.928
-11.409,83.924,30.931,47.967,138.775,109.135,68.385,71.838,63.195,148.222,142.294,49.697,30.857
0.255,42.447,131.131,148.116,18.916,118.429,57.647,91.801,18.152,76.022,93.353,127.961,101.840
-0.285,27.923,51.766,20.139,86.560,111.306,112.874,41.161,118.678,101.392,136.073,146.613,61.552
-27.677,94.419,149.134,16.194,122.077,138.136,33.498,131.120,44.489,84.434,32.372,32.037,85.586
1.521,68.713,68.962,109.412,122.439,38.073,135.425,148.731,118.395,95.793,146.741,60.036,72.255
-14.418,139.390,13.048,105.082,104.771,50.487,124.762,143.167,95.514,75.661,147.167,48.880,27.618
6.955,53.022,69.142,89.369,109.295,116.001,110.428,129.788,125.411,59.739,87.927,21.372,57.638
-16.234,132.525,105.896,124.257,15.238,44.521,110.101,24.924,77.053,119.343,85.012,132.306,67.700
-6.155,124.119,130.128,116.465,117.465,78.709,142.543,111.982,130.361,113.739,74.979,32.555,88.833
-3.787,34.624,33.107,86.694,67.784,39.715,98.252,117.198,35.604,136.326,70.258,57.694,39.963
-15.655,141.230,52.243,99.143,106.691,41.355,84.807,62.953,115.416,35.787,127.536,92.211,51.091
-29.181,25.675,11.963,103.785,24.726,12.575,49.278,79.983,109.828,34.059,28.284,94.381,10.724
-17.518,103.775,98.010,75.782,35.373,87.578,62.473,38.188,91.723,30.058,126.256,147.421,23.015
-12.836,137.487,131.449,111.831,40.020,100.434,128.826,48.902,18.109,48.337,145.768,20.210,95.788
-0.627,96.852,126.721,108.259,48.418,144.026,99.191,35.665,13.035,119.691,61.298,104.480,46.776
-28.506,90.409,97.202,117.977,136.288,91.674,62.647,48.243,136.708,119.623,66.913,122.840,109.493
8.589,77.924,91.396,138.443,57.382,23.942,90.983,40.486,110.518,27.679,24.546,145.459,53.108
-14.131,25.990,146.778,38.663,141.302,145.177,145.237,47.224,25.663,63.033,130.827,43.365,21.380
-29.568,109.617,59.060,141.509,138.514,13.821,44.513,17.427,31.802,131.773,125.885,34.223,99.074
2.364,42.412,140.608,106.656,134.860,63.858,108.788,100.638,30.196,127.169,138.189,20.364,131.582
-26.285,48.872,146.432,133.148,102.473,110.983,62.432,100.041,14.321,139.514,38.199,58.495,12.500
8.119,119.274,144.182,18.821,121.276,20.078,98.641,102.248,149.603,123.141,112.225,123.258,135.235
-24.529,48.314,65.596,141.730,57.806,39.359,109.995,23.562,105.771,27.466,68.357,64.731,104.578
-28.290,49.028,108.115,60.755,122.808,135.498,32.360,29.845,18.917,131.214,121.884,86.512,149.069
-5.237,74.386,148.186,33.014,17.432,127.852,119.228,91.098,137.292,135.435,33.628,142.670,132.445
-17.355,134.069,47.247,142.838,17.201,104.493,104.651,132.965,87.694,136.955,16.602,13.353,51.738
-22.313,149.428,15.531,124.810,13.075,87.825,92.535,100.267,140.014,91.367,13.236,129.673,116.994
-22.572,100.793,53.519,42.838,147.985,138.080,56.741,67.816,11.325,33.345,110.707,142.758,142.667
-10.194,106.143,144.569,105.638,107.931,16.040,14.910,126.707,51.379,50.503,43.475,55.260,149.088
-13.425,144.508,127.071,105.227,36.194,72.571,36.286,28.276,73.533,84.144,139.359,11.571,54.052
-17.086,91.804,75.662,112.811,65.882,15.586,79.074,148.127,141.947,126.005,47.774,45.621,115.742
-31.613,51.099,33.752,69.944,83.073,88.864,42.154,66.753,88.473,12.945,90.562,34.239,100.097
-9.914,18.760,12.864,45.774,127.153,149.810,117.466,106.711,138.617,18.492,100.531,130.932,16.457
-32.997,79.569,124.850,59.213,98.956,39.343,79.195,71.857,54.352,84.799,60.435,116.303,114.933
4.086,30.686,126.378,85.519,147.067,119.568,32.457,112.511,86.692,111.744,91.320,144.261,84.183
2.888,71.456,144.476,31.312,121.691,146.998,34.029,140.338,104.868,131.020,139.858,30.264,95.102
-15.477,65.996,37.994,133.549,15.542,96.049,25.543,134.572,61.272,101.513,130.781,97.845,82.245
7.009,121.578,93.620,11.593,58.955,41.181,23.770,12.544,105.561,116.332,53.234,140.308,64.165
7.479,139.084,74.298,75.952,89.565,21.224,66.847,135.356,78.425,54.576,31.443,143.101,27.491
5.627,14.455,88.721,100.682,38.529,109.164,46.530,31.619,131.221,116.275,64.947,146.459,20.483
-18.472,75.456,123.609,37.044,113.049,31.595,135.685,106.484,60.797,31.640,102.645,56.011,17.429
5.758,105.026,81.397,94.653,118.265,50.618,138.036,45.838,109.230,31.891,96.978,26.877,15.318
-18.710,87.397,91.767,58.927,39.008,72.489,121.018,82.673,43.515,122.717,116.761,105.277,64.155
-30.589,32.359,17.702,111.221,66.136,91.696,67.058,29.006,108.679,70.245,28.904,55.917,42.420
-21.313,29.308,11.288,33.365,90.909,93.599,135.630,92.770,10.813,83.955,20.167,22.644,140.009
-12.364,38.432,14.997,136.686,48.004,73.664,122.798,146.049,10.876,130.531,57.631,54.498,122.732
-17.647,91.181,121.314,116.862,35.805,108.124,15.208,108.971,128.806,36.293,126.461,121.903,30.768
-8.418,101.679,108.032,38.226,22.840,63.144,77.679,46.748,85.874,117.665,48.554,88.551,145.812
-33.302,77.914,134.429,20.012,11.910,67.628,28.930,21.174,69.315,13.546,119.822,40.428,142.073
-8.991,109.127,104.215,30.647,88.846,36.430,133.706,72.674,118.816,56.189,111.982,103.860,113.945
-25.757,114.077,20.848,27.828,96.853,123.221,143.711,88.264,92.318,32.412,140.024,41.706,51.341
-19.574,142.886,103.828,113.463,27.286,86.906,45.810,60.889,65.504,125.861,33.754,91.985,111.591
-12.286,112.394,110.970,120.374,61.696,150.094,137.894,43.747,65.795,122.528,19.099,17.468,129.802
-5.045,88.102,92.166,62.387,99.529,45.412,22.337,53.974,58.136,135.420,64.225,16.823,20.564
7.714,120.748,55.080,42.437,114.807,115.535,147.553,53.508,115.959,79.369,51.623,22.152,13.272
-31.000,140.771,143.313,27.056,99.889,30.779,84.504,45.656,138.156,41.392,77.450,29.234,146.777
-21.475,112.118,119.393,47.366,47.715,27.728,48.802,111.377,27.612,27.163,75.461,89.310,89.379
-25.563,49.509,119.417,135.118,63.322,134.834,56.822,130.672,16.980,141.500,123.313,98.370,68.336
-11.492,42.264,103.783,43.889,146.239,64.984,99.631,68.091,47.881,134.210,87.614,90.938,108.434
-32.062,128.103,49.684,66.722,46.903,66.264,67.207,129.897,116.643,71.487,85.843,135.802,104.379
0.438,74.254,85.104,145.844,120.358,49.035,106.730,125.960,24.036,33.452,23.329,137.183,140.762
-7.070,64.073,115.157,109.539,53.307,93.318,127.323,140.134,142.589,55.866,29.279,86.670,102.873
-7.096,75.661,117.254,87.860,41.992,71.266,84.004,147.533,10.847,96.972,135.269,94.728,86.592
-12.321,25.503,117.429,72.151,50.744,81.874,86.025,37.076,136.402,103.021,99.029,27.011,149.226
-5.733,93.493,97.306,89.671,53.930,141.428,148.666,132.413,99.674,113.133,18.305,86.441,138.078
-22.694,100.445,90.072,90.884,20.529,68.484,59.913,66.044,129.246,131.775,28.459,68.454,110.058
-29.709,51.172,60.238,23.369,134.009,54.688,97.408,33.288,143.775,26.266,81.508,55.408,34.554
-10.794,110.049,98.116,121.026,115.286,138.550,39.759,48.330,35.728,99.904,124.872,37.011,139.384
3.063,119.390,13.113,146.684,55.344,28.110,55.278,43.933,23.923,86.997,24.745,147.969,51.876
-3.039,84.879,125.666,31.849,102.014,127.022,99.977,57.732,135.719,80.917,27.230,138.948,132.712
6.475,67.566,45.972,138.207,120.686,96.973,77.580,91.741,78.708,81.322,138.908,72.468,120.481
-19.725,130.852,100.114,74.198,48.196,103.693,40.578,71.968,135.258,82.130,55.689,61.868,94.743
-25.162,95.884,71.277,25.847,112.742,55.514,127.255,85.166,34.720,117.706,32.404,61.458,133.419
5.392,62.679,37.401,113.627,129.967,25.750,13.616,139.683,80.117,20.323,48.681,104.124,87.279
-32.176,32.421,114.318,147.991,71.168,44.188,27.078,143.866,113.409,146.524,38.864,37.164,70.215
-24.652,96.022,135.940,122.301,128.209,90.011,129.549,108.230,57.543,123.738,123.652,132.874,115.287
8.516,120.728,103.264,68.703,82.066,56.058,94.572,75.516,34.464,140.043,85.347,47.119,62.346
0.414,140.839,32.802,44.453,49.208,63.163,102.596,91.004,52.425,149.847,81.339,23.680,116.787
-13.853,21.533,147.824,16.254,81.970,33.808,143.112,53.364,64.497,60.233,114.083,50.044,16.810
9.324,116.638,13.463,101.015,47.103,74.512,121.993,64.389,144.299,83.206,97.706,96.229,50.140
-22.099,19.215,23.794,40.411,74.120,137.865,121.037,128.599,25.591,133.861,52.491,46.832,92.304
-21.629,67.353,31.707,61.672,141.238,30.924,27.176,37.428,120.553,106.120,64.484,103.017,39.680
-14.252,36.837,121.799,48.000,58.944,11.679,25.818,12.973,89.467,21.846,57.989,48.513,136.388
0.068,69.905,46.749,121.665,33.786,48.547,37.209,138.497,50.373,99.662,95.348,31.850,133.064
-26.977,119.415,22.190,79.051,147.663,82.483,134.547,24.321,129.543,134.811,141.758,106.451,133.624
-6.064,34.292,49.610,76.587,94.501,53.341,125.849,12.634,55.852,147.595,85.272,78.239,116.006
-18.091,41.372,85.574,76.694,98.283,15.546,136.106,27.036,91.316,17.486,144.917,121.262,120.284
9.532,104.614,120.750,35.191,115.470,97.344,37.271,70.272,121.294,116.649,47.859,141.735,65.539
-14.363,145.407,39.976,83.818,114.250,54.088,14.534,53.182,71.684,37.646,36.290,133.009,124.523
-33.257,49.518,16.346,43.562,27.537,89.455,53.621,58.934,102.781,26.458,76.057,35.140,112.412
-28.211,19.762,63.668,138.299,21.585,76.584,141.179,121.750,86.998,53.112,63.883,17.596,19.945
-3.528,18.250,20.529,70.569,110.976,38.006,150.008,119.295,110.839,150.098,129.444,71.011,145.726
-14.051,112.914,107.758,32.431,95.673,38.928,14.132,89.546,98.157,114.663,39.479,19.385,32.127
5.595,64.619,88.179,144.332,63.723,11.355,71.943,55.765,76.042,45.438,44.913,147.461,141.509
10.089,133.666,77.134,126.946,56.356,44.206,108.858,24.389,124.269,132.680,46.578,140.301,82.362
-1.718,22.621,61.664,143.111,61.944,100.740,98.727,129.215,29.864,149.659,63.862,64.428,28.199
-4.282,123.398,69.354,15.165,65.962,35.771,137.285,143.652,110.578,122.461,143.530,110.056,51.864
-24.818,102.882,60.051,68.632,143.000,82.606,81.228,148.039,148.693,32.461,13.637,54.531,20.946
-17.181,24.868,135.306,147.458,59.303,34.417,140.055,35.996,29.311,28.590,149.631,108.806,24.562
-32.259,94.263,64.636,55.260,101.428,89.761,118.624,12.256,117.729,127.846,119.257,108.015,67.038
9.653,105.812,19.217,76.372,44.118,77.605,145.962,130.855,44.738,34.204,91.553,113.004,23.253
-33.370,55.577,50.686,33.520,32.277,11.047,89.937,29.529,108.291,94.196,67.976,42.451,16.911
-3.077,99.321,33.577,27.993,42.045,143.881,27.201,53.731,45.995,57.901,124.786,32.287,107.010
-9.552,55.330,88.076,101.904,96.633,124.365,105.626,64.178,94.959,80.703,17.702,11.225,133.560
-6.020,94.032,126.271,129.325,29.262,115.422,73.764,135.370,149.839,128.140,48.600,71.088,117.826
1.554,97.604,134.012,85.362,25.198,94.008,77.424,131.159,121.326,100.666,85.695,129.427,126.188
5.925,29.226,89.799,92.828,138.674,113.906,28.202,141.912,79.723,141.699,17.243,57.973,107.237
0.604,42.261,87.057,88.546,134.170,103.863,63.911,125.114,138.608,116.544,133.622,103.474,71.792
-18.795,38.250,34.297,93.296,86.494,35.251,146.841,115.358,43.318,94.061,120.812,91.897,71.319
-19.238,74.044,60.507,143.002,26.377,93.440,137.622,31.755,61.045,96.675,121.568,81.332,98.346
-12.455,18.023,146.546,65.151,144.384,54.087,57.538,140.889,54.696,26.934,92.778,137.410,36.394
-14.608,16.938,102.219,51.262,114.051,50.518,72.859,87.107,30.123,102.165,25.942,144.521,120.019
-23.641,31.649,90.693,132.259,64.312,27.983,116.147,114.473,83.647,131.578,34.401,41.204,32.473
-8.512,45.340,78.740,113.927,28.463,72.792,140.992,103.256,63.368,38.021,99.062,12.810,79.026
-2.956,101.607,38.523,66.160,103.615,52.797,67.349,128.103,101.091,145.531,139.382,21.736,17.300
-15.551,107.519,145.080,45.468,143.079,81.214,32.975,17.843,132.012,48.348,49.868,12.812,18.485
-21.493,78.371,59.187,34.365,133.180,72.542,71.038,106.706,11.633,134.681,138.732,18.006,36.124
-27.350,89.098,130.666,74.925,146.906,148.200,149.573,112.365,149.521,27.828,31.006,111.195,14.118
0.812,112.643,56.314,50.097,91.385,108.074,19.510,119.428,14.820,74.286,109.219,131.609,135.388
1.783,97.335,81.682,21.472,101.982,47.885,46.893,25.875,88.943,138.007,138.096,79.783,50.104
-25.273,106.809,118.665,100.974,10.935,143.288,25.020,135.806,29.205,107.753,135.965,76.913,45.789
-8.078,81.365,42.314,74.802,108.896,143.203,98.427,75.226,36.770,147.313,124.050,131.223,91.467
-6.254,27.051,66.873,109.139,48.880,37.517,87.844,24.783,27.961,119.605,47.793,37.534,61.542
-19.011,114.002,69.080,85.451,89.181,128.188,51.484,127.305,72.145,140.887,28.116,27.360,27.588
-14.738,126.823,97.027,28.016,48.508,12.486,114.091,143.251,30.127,144.125,132.032,39.025,45.341
-11.830,38.217,56.659,98.860,125.178,11.565,134.375,40.513,77.440,123.045,88.632,46.615,149.941
-2.765,70.389,41.117,54.463,101.555,96.203,120.284,68.787,50.698,90.018,127.170,121.316,78.763
-32.159,30.234,72.595,119.454,31.943,100.661,48.727,42.319,135.128,145.631,13.680,129.079,17.688
7.682,29.327,57.310,27.812,95.340,64.017,115.948,108.192,100.692,24.427,51.127,84.972,108.911
-33.359,83.927,33.256,65.596,16.482,116.811,46.062,122.891,63.389,102.833,32.390,100.490,26.665
-9.287,95.416,101.390,98.762,17.394,115.125,21.095,25.183,42.944,84.714,64.832,105.643,62.493
4.373,120.071,76.334,125.785,127.787,88.264,86.500,143.662,124.062,125.740,95.454,147.803,100.520
-34.182,65.442,99.196,17.549,134.137,95.117,127.513,108.226,110.756,65.617,88.296,14.043,117.371
10.061,129.002,76.678,54.658,143.358,97.208,116.594,84.474,24.817,123.551,26.989,114.848,43.768
-9.672,23.844,34.434,132.861,47.559,60.461,101.750,82.799,107.014,124.908,53.547,15.202,69.667
2.923,41.079,58.748,124.768,131.556,98.507,103.022,29.342,71.636,38.512,11.123,74.409,99.871
-21.836,106.342,58.802,21.507,91.501,63.960,103.874,137.112,107.149,137.723,60.631,38.722,49.686
3.028,101.305,54.808,60.525,25.565,144.665,28.075,81.722,64.768,134.808,71.895,117.195,40.382
-5.221,45.761,105.092,15.656,109.125,19.230,125.145,89.664,41.553,58.985,140.991,11.448,107.297
-0.213,101.556,120.518,33.607,34.732,84.444,105.546,58.446,113.907,16.214,71.444,60.035,45.640
-13.975,86.184,86.664,111.307,92.201,44.467,40.818,148.017,128.547,53.518,32.389,80.523,96.190
1.344,124.283,88.461,54.011,46.500,122.669,13.364,122.964,80.725,51.998,141.191,148.127,19.675
-15.722,131.462,119.964,53.301,58.914,29.381,101.796,37.978,138.932,116.394,46.425,142.974,105.211
-20.797,135.220,49.225,110.509,103.671,45.615,68.538,68.824,123.927,112.467,127.025,13.852,94.373
-0.786,92.247,21.322,65.344,137.922,118.781,95.820,15.998,113.822,75.205,27.947,50.007,98.637
-7.926,142.679,91.302,133.267,114.932,19.761,142.838,97.191,12.953,11.219,75.365,52.235,127.390
-29.534,25.457,15.486,27.249,32.547,131.578,108.717,89.100,135.467,91.652,93.065,132.502,26.764
-31.806,50.503,79.822,146.976,29.498,84.121,34.211,78.765,83.398,38.108,125.277,39.428,36.429
-7.002,52.914,69.176,75.195,74.396,71.429,91.171,138.016,106.007,130.363,19.756,34.664,18.560
3.709,18.521,127.003,125.074,103.547,82.209,128.043,18.669,93.250,46.045,14.237,86.973,15.638
-30.064,54.346,53.893,87.832,148.154,59.920,12.378,65.827,119.814,53.295,33.522,130.484,132.622
-2.499,38.428,64.844,113.608,74.883,121.482,135.341,44.623,65.072,104.671,91.288,50.151,12.483
-18.016,29.249,121.145,80.229,70.946,100.642,70.170,77.989,52.712,68.625,137.271,68.446,20.774
-18.513,15.273,88.791,107.915,144.869,112.907,34.599,29.144,120.781,124.697,95.118,31.252,144.147
-19.155,67.872,129.530,131.453,92.668,13.404,19.176,24.003,74.956,124.760,134.555,47.939,16.887
-28.022,100.173,132.806,97.269,148.296,118.730,146.594,98.811,127.387,31.167,58.806,19.175,70.393
-1.579,90.500,22.088,57.398,68.135,81.070,74.760,76.743,99.291,45.050,67.525,33.272,92.807
-5.198,86.468,101.509,22.919,95.674,122.417,50.182,36.682,131.061,19.527,94.115,128.637,52.344
-1.788,79.295,139.578,46.972,105.007,35.649,147.528,97.901,65.311,98.355,79.843,46.920,109.579
-28.735,45.194,17.411,120.881,95.370,81.921,100.461,25.558,130.486,68.952,54.406,88.065,101.526
-24.212,61.706,133.585,99.323,26.740,141.563,71.805,77.558,88.742,64.597,91.409,130.171,23.713
-7.408,64.514,106.949,87.337,127.599,127.762,108.704,65.822,98.311,103.372,130.355,47.196,101.329
-11.872,65.191,25.401,117.372,67.196,38.670,77.981,30.184,107.356,125.605,67.086,29.157,109.260
-8.475,42.873,148.266,75.019,95.739,36.745,87.401,12.428,118.506,58.161,45.835,128.231,117.879
-13.065,29.204,76.055,68.731,40.772,80.537,75.712,116.871,85.365,27.717,39.238,140.597,60.948
-18.480,132.516,31.765,45.123,98.489,55.332,60.340,125.405,112.724,95.111,112.421,105.102,132.261
2.581,95.679,97.943,50.824,101.398,99.775,73.727,94.188,28.642,83.120,60.391,66.491,132.666
-24.812,137.025,68.379,138.239,66.397,33.557,30.348,140.053,130.514,11.281,83.150,65.653,42.292
-17.736,146.332,16.091,116.871,79.420,65.876,40.865,56.789,136.444,145.071,79.443,21.517,94.093
-14.556,83.569,17.511,136.204,140.671,122.166,11.251,57.923,22.787,20.262,135.283,89.181,136.351
-0.195,16.885,141.424,76.708,126.038,123.212,28.443,56.032,106.554,130.981,137.697,68.155,135.819
-27.397,12.356,17.737,71.378,144.282,73.768,57.816,93.881,97.234,89.248,15.595,43.641,135.659
2.914,107.959,133.657,99.328,90.820,77.898,143.735,92.058,144.826,104.175,91.558,43.094,121.181
-33.992,34.948,106.935,101.430,85.018,115.258,110.066,119.254,122.803,137.960,81.355,80.271,42.279
-5.113,58.442,141.054,11.301,114.579,126.626,19.285,90.434,56.690,55.399,56.767,80.859,135.597
-21.740,66.267,136.323,145.366,54.646,48.572,73.237,93.342,136.087,144.369,62.131,142.916,69.217
-6.132,57.522,78.670,45.335,63.990,33.898,40.382,74.847,24.413,147.070,26.712,46.624,26.434
-4.587,107.373,111.460,80.006,25.456,51.236,127.486,137.480,105.917,108.102,136.408,75.802,29.160
2.337,90.297,128.217,61.183,36.519,36.173,129.201,107.368,117.818,18.603,48.421,58.407,55.557
-32.646,93.917,105.484,52.134,60.194,72.530,63.310,11.632,49.048,149.939,62.185,114.208,131.008
-16.322,76.540,113.919,138.021,29.351,27.993,51.734,106.605,15.003,129.474,95.305,11.096,45.267
-29.870,88.905,64.043,38.008,112.547,138.502,127.000,29.296,40.576,101.196,20.009,147.304,125.816
-30.004,27.144,125.273,133.181,75.247,16.414,111.658,71.496,131.436,108.642,142.704,36.283,88.018
-32.183,68.296,46.130,51.865,11.330,25.478,147.438,46.686,12.545,29.921,99.835,127.206,103.210
-12.735,121.874,77.706,110.331,70.486,111.998,149.123,36.496,27.043,31.240,88.429,21.562,73.081
-17.273,148.366,107.883,137.369,23.793,118.181,36.351,62.211,23.489,80.350,43.434,31.329,111.518
-12.794,64.739,116.165,25.948,42.657,98.182,105.559,38.639,59.264,110.798,29.347,37.322,127.404
-30.807,145.919,49.654,12.569,41.345,100.580,128.058,94.397,56.152,124.964,113.675,136.255,78.554
-5.845,145.919,108.500,92.762,80.583,137.399,20.638,25.073,50.908,85.797,103.221,38.232,131.880
1.626,105.065,67.520,68.711,102.575,96.826,131.504,41.115,70.132,140.117,33.567,91.122,81.604
-13.408,136.681,85.163,35.847,33.138,123.220,116.444,130.947,16.672,127.757,71.064,131.097,126.816
3.248,87.176,35.049,84.610,40.451,121.071,127.009,11.701,131.115,70.923,38.799,98.907,132.961
-28.087,83.353,89.887,95.697,39.056,144.304,18.015,53.733,123.583,73.834,84.673,66.253,87.255
-21.509,148.968,87.893,70.334,54.868,70.615,24.079,59.295,40.976,30.590,27.946,141.511,16.960
-18.021,135.627,60.011,118.351,148.902,129.587,74.415,134.998,120.802,125.215,112.991,131.365,30.061
-5.656,35.911,39.276,11.726,18.128,89.351,93.075,137.636,33.460,118.339,57.457,63.027,84.796
5.238,20.533,47.052,63.627,103.085,62.830,126.611,56.296,89.154,85.340,67.656,119.910,142.434
-9.153,20.531,147.006,61.159,70.621,70.159,80.388,13.468,30.806,44.760,33.547,34.271,131.710
6.204,53.623,46.307,128.062,85.721,45.506,16.279,17.721,80.229,120.746,106.836,44.016,86.714
-26.686,36.005,110.716,118.853,25.000,22.111,65.669,106.708,45.121,66.966,50.861,52.747,95.800
-18.705,88.716,62.265,68.855,127.554,81.284,75.426,136.314,144.062,131.049,71.152,107.659,85.673
1.449,66.395,79.688,149.405,109.976,76.912,82.262,121.199,68.590,37.259,147.986,81.697,119.426
-34.609,70.528,26.033,11.960,11.489,124.211,103.521,139.435,89.873,17.707,57.125,19.200,107.949
-12.110,111.074,81.857,40.663,117.610,57.201,20.396,136.607,106.029,73.891,19.583,131.967,114.544
-17.117,89.199,37.866,60.438,66.313,33.984,44.768,59.810,134.756,111.380,113.702,65.741,69.599
7.091,72.612,26.194,85.597,24.327,149.285,85.339,118.795,42.458,85.002,95.273,12.228,12.536
-19.842,16.734,117.583,118.691,129.397,38.919,129.544,133.487,13.878,27.781,102.565,23.852,23.272
7.618,22.792,137.496,125.708,104.037,100.801,34.652,13.377,39.913,37.924,10.847,30.240,53.892
-4.963,148.890,128.267,92.465,72.236,118.701,126.987,133.272,68.452,48.146,92.087,62.055,33.014
-7.163,40.220,75.219,14.562,94.710,135.218,53.207,39.492,64.625,97.323,22.981,112.337,86.005
4.881,18.291,139.112,64.144,141.632,23.918,120.175,130.687,51.131,22.982,27.715,133.420,149.080
-4.971,84.346,61.663,32.438,106.287,143.565,29.562,116.486,70.757,44.596,112.348,20.436,22.765
-9.508,102.067,74.984,104.552,90.248,134.545,121.213,117.695,132.808,123.359,58.981,64.330,70.217
-0.944,15.339,94.884,68.028,37.984,96.953,15.315,118.515,115.952,98.845,113.251,84.358,61.633
-31.762,17.797,85.659,38.612,85.122,143.487,61.367,83.742,76.663,25.698,82.533,13.329,149.337
-6.041,65.272,52.561,39.416,42.585,143.116,21.682,50.286,42.949,50.726,117.643,22.659,102.010
-29.310,44.149,49.719,88.497,119.429,35.272,54.152,45.803,59.125,113.678,124.436,49.887,31.804
-16.858,70.279,62.898,53.659,132.169,22.196,19.017,127.078,81.734,95.321,95.515,57.926,19.225
-19.838,32.821,57.363,138.747,140.113,47.685,106.715,139.226,61.934,22.098,97.006,24.110,59.198
-26.306,129.813,77.246,77.527,123.522,134.519,100.716,29.600,45.276,24.107,114.722,21.671,112.389
-26.517,37.826,68.740,16.019,63.919,144.899,59.388,69.578,26.019,71.188,113.063,46.714,136.143
-26.490,100.376,128.311,49.257,70.516,25.027,36.813,99.341,98.203,103.265,99.221,111.788,63.226
-5.621,127.621,139.699,120.806,30.399,99.794,136.671,122.986,40.922,149.799,59.543,125.597,35.161
-18.703,107.855,66.291,31.856,32.994,18.672,94.210,40.459,36.164,141.297,107.434,74.285,35.774
-4.147,142.053,83.870,79.644,145.304,80.336,100.093,30.138,120.390,75.728,142.131,31.573,44.608
-1.417,61.636,113.943,54.780,144.745,10.805,65.634,104.371,98.330,106.819,55.669,128.488,78.360
-29.195,148.640,107.735,57.330,35.642,135.644,136.748,24.726,65.628,73.934,132.430,78.636,138.634
-19.410,68.077,23.912,106.691,33.015,146.928,134.619,27.480,119.416,101.389,142.807,17.181,103.203
-18.113,92.009,76.106,34.787,148.346,14.659,46.939,65.766,79.028,96.000,123.098,112.618,111.394
-31.231,25.513,61.439,76.536,104.773,33.752,55.542,93.843,61.617,25.140,132.144,41.511,55.573
-16.554,126.846,66.713,103.406,122.703,96.066,76.210,132.904,118.168,41.782,50.022,110.180,24.763
-12.714,73.262,39.255,125.134,63.426,142.375,88.917,132.431,12.554,64.223,16.053,74.492,98.976
-0.155,146.126,31.984,91.881,29.623,80.939,78.978,141.077,10.947,12.614,124.389,100.058,122.942
-11.666,12.776,37.037,102.561,76.675,111.482,121.760,73.651,90.957,115.226,77.687,48.256,81.378
-23.318,91.564,115.848,100.029,97.942,31.511,119.761,57.809,84.550,78.518,13.730,138.553,97.509
-5.255,86.590,70.903,11.305,52.974,129.719,37.011,56.032,66.417,60.989,55.983,143.672,148.488
-15.549,98.485,84.316,113.118,18.522,91.904,121.062,45.415,90.985,113.988,65.536,135.540,141.119
-2.487,36.438,49.722,44.261,105.438,140.493,101.406,86.866,147.229,88.742,119.712,37.144,87.643
-0.138,121.792,149.000,89.167,94.856,52.634,29.378,149.333,89.835,85.781,33.049,81.207,47.794
-18.364,134.600,51.564,59.990,43.523,31.243,76.368,100.467,63.610,31.889,44.404,16.987,119.902
-0.744,78.637,93.104,12.800,61.807,25.941,86.513,41.105,69.890,110.922,145.900,51.609,60.649
-24.946,18.585,102.955,78.531,62.915,87.804,49.647,11.390,141.235,68.464,96.113,102.045,66.278
-17.972,113.054,85.256,11.899,108.679,27.898,132.630,34.529,72.390,60.761,11.050,22.868,23.297
-1.442,60.872,92.673,90.595,62.061,58.607,47.915,127.266,66.496,96.166,119.962,115.872,41.595
7.663,125.414,130.456,73.650,32.287,131.470,19.046,124.991,56.828,106.295,56.812,43.937,139.005
-34.556,36.403,10.791,113.879,24.831,47.494,108.364,131.684,21.102,84.741,123.555,110.482,130.468
-10.806,95.826,58.391,110.037,89.749,65.186,49.343,74.738,13.747,70.337,52.139,74.947,104.079
-23.873,34.103,32.250,93.790,123.540,126.827,95.942,98.305,103.555,14.478,43.811,145.056,98.206
-19.556,27.455,70.408,14.121,53.077,121.164,26.025,50.366,26.584,63.805,24.388,98.121,73.602
-29.808,73.419,53.219,16.534,24.197,22.774,60.216,99.320,126.923,121.329,52.214,75.972,36.775
-4.390,149.248,84.010,25.092,84.205,63.544,20.530,85.331,95.298,88.231,76.229,30.098,135.754
6.276,15.262,52.605,76.888,32.618,86.276,37.547,146.169,83.867,14.511,44.961,57.630,39.998
-0.309,117.689,40.787,73.731,19.509,43.609,122.398,13.073,131.848,102.445,142.820,79.715,101.524
-13.160,122.587,131.241,147.136,120.780,145.715,85.311,55.714,90.490,102.957,83.118,58.313,128.430
-16.982,146.216,24.470,42.274,35.427,61.853,126.497,12.444,55.921,54.368,135.687,82.050,40.149
-15.941,74.377,115.882,90.297,120.342,97.356,61.343,19.512,26.164,87.183,149.080,18.227,40.251
-32.508,101.957,65.744,90.132,46.243,17.653,39.948,67.482,150.015,92.288,127.387,17.793,98.867
-31.324,112.703,55.601,113.366,15.590,131.272,26.025,66.923,115.299,107.692,32.807,51.609,80.235
-20.350,117.815,77.601,52.111,17.162,55.319,52.058,100.620,12.221,126.327,41.242,84.171,103.171
9.950,113.739,26.011,44.387,33.992,84.278,11.222,18.715,34.976,67.299,105.408,11.769,76.452
-4.217,117.975,60.491,14.930,64.610,80.734,94.248,64.198,19.910,134.534,22.375,91.215,64.801
5.379,146.685,92.906,107.413,72.953,27.652,35.859,83.150,107.801,47.504,38.967,125.496,71.229
-9.418,123.816,83.476,18.595,94.833,110.391,142.425,44.557,99.641,62.986,25.745,143.292,36.596
-18.351,28.877,82.080,15.049,66.068,114.633,74.724,90.231,148.723,23.451,78.343,32.451,82.694
-16.222,125.778,116.083,87.317,111.751,17.504,67.311,37.094,65.007,49.810,94.779,71.485,82.060
-9.742,69.213,53.686,66.180,41.542,82.839,65.175,75.277,102.104,110.152,95.065,75.938,128.557
-5.272,17.691,63.973,72.453,142.888,60.340,125.892,28.364,90.735,29.659,103.458,128.189,123.084
3.426,139.967,117.845,127.997,96.271,139.295,56.905,104.765,131.963,15.362,134.760,74.796,17.910
7.534,123.556,54.140,57.296,21.588,146.902,71.104,66.030,32.052,55.987,149.666,20.274,68.459
-29.515,115.060,106.283,72.432,20.164,19.441,135.164,111.441,27.778,28.531,39.077,61.558,141.531
-22.688,76.981,81.584,124.417,18.641,57.921,117.494,122.940,97.488,14.565,133.951,132.450,52.994
-29.678,61.468,33.154,104.866,25.958,62.712,27.956,56.553,19.948,132.604,91.503,37.101,26.861
-14.937,23.353,25.126,101.527,99.782,124.921,129.071,97.605,78.948,76.781,76.757,75.328,31.222
-33.312,33.904,127.555,92.322,37.299,85.852,63.381,129.757,144.523,125.531,24.032,86.732,61.901
2.666,65.355,64.510,29.102,64.545,13.839,80.689,127.091,125.372,42.733,36.169,82.497,149.282
-12.801,133.757,147.141,57.064,120.151,115.417,95.430,22.936,123.026,50.710,32.142,69.830,42.468
-33.949,65.367,11.616,110.377,112.809,41.017,102.347,115.460,101.428,129.547,118.220,13.098,107.400
-6.983,71.718,41.436,70.197,122.734,122.814,33.648,14.694,70.544,134.394,61.975,129.039,52.142
-17.117,147.320,73.665,12.721,144.641,148.649,44.536,80.321,75.383,60.427,19.306,139.705,137.234
-18.919,110.980,38.087,130.339,15.970,36.154,53.680,80.320,117.427,76.627,80.605,44.918,90.541
-12.322,79.469,120.472,38.474,113.660,95.549,49.896,111.186,137.251,32.283,58.566,26.596,44.733
2.247,88.289,55.717,26.491,54.259,23.438,19.267,63.512,19.470,66.407,141.028,113.500,53.390
-9.199,20.683,117.511,95.978,125.276,78.188,69.572,13.586,98.204,126.388,59.549,88.746,95.709
2.638,121.331,120.503,101.527,53.528,54.211,107.144,123.869,90.342,116.976,14.465,76.401,100.037
-29.402,12.138,27.800,112.003,117.585,109.253,119.048,26.495,47.059,117.090,24.059,13.902,87.292
4.925,94.269,92.637,124.323,29.497,134.312,96.395,35.569,45.527,74.989,46.617,127.354,67.773
-5.466,133.527,96.266,82.928,129.211,116.853,30.312,82.355,126.856,19.623,59.325,33.477,55.167
7.826,87.687,131.204,133.098,49.051,82.688,77.238,78.128,119.270,104.520,132.538,118.290,117.417
-0.902,146.441,76.339,96.228,134.315,46.705,148.539,125.594,66.026,123.928,128.781,137.436,137.331
-22.382,107.378,67.891,36.063,24.561,77.364,65.288,77.007,83.091,118.812,133.019,111.851,111.785
-28.308,97.269,37.246,120.812,84.615,24.098,134.830,120.206,18.386,86.565,67.599,123.284,118.015
-13.666,118.571,42.036,43.254,32.519,12.276,149.231,83.445,63.206,62.746,137.448,103.065,106.505
-14.989,40.311,50.685,12.577,129.279,143.854,99.301,22.083,91.305,76.573,83.128,129.403,113.299
-17.320,91.885,33.952,93.190,82.248,142.734,31.999,83.193,117.608,58.433,14.281,60.133,106.331
9.311,89.837,141.069,47.933,36.653,143.468,106.955,63.663,73.496,111.948,29.752,20.377,77.694
2.173,56.548,136.665,34.925,94.911,108.014,101.819,129.341,18.441,114.402,83.127,35.854,96.518
-3.097,115.342,87.748,59.181,49.063,110.545,141.356,145.276,54.570,32.726,120.864,117.981,141.476
-11.711,145.915,72.470,116.340,48.795,36.553,27.582,41.174,22.688,116.814,18.924,78.887,44.881
6.218,30.746,130.820,10.876,90.948,143.447,105.368,148.447,98.070,146.460,76.546,50.127,108.395
8.539,87.533,12.327,70.671,80.065,62.305,70.593,117.557,61.273,29.212,38.161,12.306,46.235
-26.994,81.789,145.735,90.704,38.359,117.066,132.168,59.021,113.091,110.703,87.411,19.656,82.105
-32.234,105.136,13.995,37.667,129.662,82.941,20.253,135.890,72.710,115.183,23.775,113.272,42.232
-31.839,14.118,74.479,90.190,81.086,127.808,86.478,72.132,36.101,68.192,55.213,14.324,56.575
-16.150,35.220,79.655,12.494,51.891,58.767,105.384,12.480,65.098,75.457,78.425,75.501,138.203
-10.800,98.477,72.137,68.484,117.926,17.436,91.752,133.851,86.313,139.160,20.678,94.963,135.577
-17.625,103.473,115.136,24.241,94.083,99.032,96.073,128.951,35.337,115.307,13.777,16.594,125.212